<?xml version="1.0" encoding="ISO-8859-1" ?>
<menus>
   <menu>
      <link>index.php</link>
      <text>Home</text>
   </menu>
   <menu>
      <link>about.php</link>
      <text>About</text>
   </menu>
   <menu>
      <link>reviews.php</link>
      <text>Reviews</text>
   </menu>
   <menu>
      <link>events.php</link>
      <text>Events</text>
   </menu>
   <menu>
      <link>discussIndex.php</link>
      <text>Community Discussion</text>
   </menu>
   <menu>
      <link>profile.php</link>
      <text>User Profile</text>
   </menu>
   <menu>
      <link>logout.php</link>
      <text>Log Out</text>
   </menu>
</menus>